{"cameraMode":{"drawMode":0,"name":"Shaded","section":"Shading Mode"},"sceneLighting":false,"audioPlay":false,"sceneViewState":{"showFog":true,"showMaterialUpdate":false,"showSkybox":false,"showFlares":true,"showImageEffects":true,"showParticleSystems":true},"in2DMode":false,"pivot":{"x":-0.06662939488887787,"y":-0.023046843707561494,"z":2.346412181854248},"rotation":{"x":-0.08503902703523636,"y":0.8853825330734253,"z":-0.17618221044540406,"w":-0.4227842092514038},"size":4.137773513793945,"orthographic":false}