{"cameraMode":{"drawMode":0,"name":"Shaded","section":"Shading Mode"},"sceneLighting":false,"audioPlay":false,"sceneViewState":{"showFog":true,"showMaterialUpdate":false,"showSkybox":true,"showFlares":true,"showImageEffects":true,"showParticleSystems":true},"in2DMode":false,"pivot":{"x":-1.008901596069336,"y":-6.508211612701416,"z":15.940650939941407},"rotation":{"x":0.16849419474601746,"y":-0.408210426568985,"z":0.07695312798023224,"w":0.8939086198806763},"size":7.362965106964111,"orthographic":false}