{"cameraMode":{"drawMode":0,"name":"Shaded","section":"Shading Mode"},"sceneLighting":false,"audioPlay":false,"sceneViewState":{"showFog":true,"showMaterialUpdate":false,"showSkybox":false,"showFlares":true,"showImageEffects":true,"showParticleSystems":true},"in2DMode":false,"pivot":{"x":9.221367835998536,"y":2.5185508728027345,"z":0.2361028492450714},"rotation":{"x":-0.00037788579356856644,"y":0.9990776181221008,"z":-0.008991978131234646,"w":-0.041985951364040378},"size":3.5331015586853029,"orthographic":false}