{"cameraMode":{"drawMode":0,"name":"Shaded","section":"Shading Mode"},"sceneLighting":false,"audioPlay":false,"sceneViewState":{"showFog":true,"showMaterialUpdate":false,"showSkybox":false,"showFlares":true,"showImageEffects":true,"showParticleSystems":true},"in2DMode":false,"pivot":{"x":17.279924392700197,"y":-1.5668336153030396,"z":-15.353740692138672},"rotation":{"x":0.051144856959581378,"y":-0.9535090923309326,"z":0.19953256845474244,"w":0.22241879999637605},"size":2.939342975616455,"orthographic":false}