{"cameraMode":{"drawMode":0,"name":"Shaded","section":"Shading Mode"},"sceneLighting":false,"audioPlay":false,"sceneViewState":{"showFog":true,"showMaterialUpdate":false,"showSkybox":false,"showFlares":true,"showImageEffects":true,"showParticleSystems":true},"in2DMode":false,"pivot":{"x":3.847560167312622,"y":1.0358431339263917,"z":7.957841396331787},"rotation":{"x":0.004545232281088829,"y":-0.9954172968864441,"z":0.07210398465394974,"w":0.06277086585760117},"size":0.7069177031517029,"orthographic":false}