{"cameraMode":{"drawMode":0,"name":"Shaded","section":"Shading Mode"},"sceneLighting":false,"audioPlay":false,"sceneViewState":{"showFog":true,"showMaterialUpdate":false,"showSkybox":false,"showFlares":true,"showImageEffects":true,"showParticleSystems":true},"in2DMode":false,"pivot":{"x":23.11613655090332,"y":1.7065460681915284,"z":-29.759294509887697},"rotation":{"x":0.13369792699813844,"y":-0.7792831659317017,"z":0.1803567260503769,"w":0.5853832364082336},"size":2.083432912826538,"orthographic":false}