{"cameraMode":{"drawMode":0,"name":"Shaded","section":"Shading Mode"},"sceneLighting":false,"audioPlay":false,"sceneViewState":{"showFog":true,"showMaterialUpdate":false,"showSkybox":false,"showFlares":true,"showImageEffects":true,"showParticleSystems":true},"in2DMode":false,"pivot":{"x":2.1854844093322756,"y":-5.026477813720703,"z":-21.68805503845215},"rotation":{"x":-0.14436006546020509,"y":0.8522306680679321,"z":-0.3283417522907257,"w":-0.38244175910949709},"size":2.637589693069458,"orthographic":false}