{"cameraMode":{"drawMode":0,"name":"Shaded","section":"Shading Mode"},"sceneLighting":false,"audioPlay":false,"sceneViewState":{"showFog":true,"showMaterialUpdate":false,"showSkybox":false,"showFlares":true,"showImageEffects":true,"showParticleSystems":true},"in2DMode":false,"pivot":{"x":7.078056335449219,"y":-3.277988910675049,"z":9.609760284423829},"rotation":{"x":0.22723230719566346,"y":-0.04643511027097702,"z":0.01084741298109293,"w":0.9726744890213013},"size":1.486180067062378,"orthographic":true}