{"cameraMode":{"drawMode":0,"name":"Shaded","section":"Shading Mode"},"sceneLighting":false,"audioPlay":false,"sceneViewState":{"showFog":true,"showMaterialUpdate":false,"showSkybox":false,"showFlares":true,"showImageEffects":true,"showParticleSystems":true},"in2DMode":false,"pivot":{"x":14.832010269165039,"y":-5.052606582641602,"z":-2.215005874633789},"rotation":{"x":-0.18796367943286897,"y":-0.006481546442955732,"z":0.002537095919251442,"w":-0.9826489686965942},"size":9.618735313415528,"orthographic":false}