{"cameraMode":{"drawMode":0,"name":"Shaded","section":"Shading Mode"},"sceneLighting":false,"audioPlay":false,"sceneViewState":{"showFog":true,"showMaterialUpdate":false,"showSkybox":false,"showFlares":true,"showImageEffects":true,"showParticleSystems":true},"in2DMode":false,"pivot":{"x":35.31662368774414,"y":1.6412676572799683,"z":3.170212507247925},"rotation":{"x":-0.020475614815950395,"y":0.9663547277450562,"z":0.06408654153347016,"w":0.2504347264766693},"size":1.359741449356079,"orthographic":false}