{"cameraMode":{"drawMode":0,"name":"Shaded","section":"Shading Mode"},"sceneLighting":true,"audioPlay":false,"sceneViewState":{"showFog":true,"showMaterialUpdate":false,"showSkybox":false,"showFlares":true,"showImageEffects":true,"showParticleSystems":true},"in2DMode":false,"pivot":{"x":36.01900100708008,"y":1.6491154432296754,"z":2.5280001163482668},"rotation":{"x":-0.25983336567878725,"y":-0.519152820110321,"z":0.16653016209602357,"w":-0.797167181968689},"size":0.13071325421333314,"orthographic":false}