{"cameraMode":{"drawMode":0,"name":"Shaded","section":"Shading Mode"},"sceneLighting":false,"audioPlay":false,"sceneViewState":{"showFog":true,"showMaterialUpdate":false,"showSkybox":true,"showFlares":true,"showImageEffects":true,"showParticleSystems":true},"in2DMode":false,"pivot":{"x":1.9479923248291016,"y":2.9740254878997804,"z":12.501716613769532},"rotation":{"x":0.09181635826826096,"y":-0.16943424940109254,"z":0.01585456170141697,"w":0.9811303615570068},"size":2.7846384048461916,"orthographic":false}