{"cameraMode":{"drawMode":0,"name":"Shaded","section":"Shading Mode"},"sceneLighting":true,"audioPlay":false,"sceneViewState":{"showFog":true,"showMaterialUpdate":false,"showSkybox":false,"showFlares":true,"showImageEffects":true,"showParticleSystems":true},"in2DMode":false,"pivot":{"x":14.446619987487793,"y":2.205885887145996,"z":4.93235445022583},"rotation":{"x":0.0367572158575058,"y":-0.642024576663971,"z":0.03084089793264866,"w":0.7651811242103577},"size":0.12001901865005493,"orthographic":false}