{"cameraMode":{"drawMode":0,"name":"Shaded","section":"Shading Mode"},"sceneLighting":false,"audioPlay":false,"sceneViewState":{"showFog":true,"showMaterialUpdate":false,"showSkybox":false,"showFlares":true,"showImageEffects":true,"showParticleSystems":true},"in2DMode":false,"pivot":{"x":20.826486587524415,"y":-0.954880952835083,"z":-14.835721015930176},"rotation":{"x":0.005095573607832193,"y":-0.9882312417030335,"z":-0.0034369200002402069,"w":-0.1563325673341751},"size":2.939342975616455,"orthographic":false}