{"cameraMode":{"drawMode":0,"name":"Shaded","section":"Shading Mode"},"sceneLighting":false,"audioPlay":false,"sceneViewState":{"showFog":true,"showMaterialUpdate":false,"showSkybox":false,"showFlares":true,"showImageEffects":true,"showParticleSystems":true},"in2DMode":false,"pivot":{"x":52.38417053222656,"y":3.642019748687744,"z":-29.334110260009767},"rotation":{"x":0.007089934311807156,"y":0.9718334078788757,"z":-0.028537524864077569,"w":0.234685480594635},"size":4.843435287475586,"orthographic":false}