{"cameraMode":{"drawMode":0,"name":"Shaded","section":"Shading Mode"},"sceneLighting":true,"audioPlay":false,"sceneViewState":{"showFog":true,"showMaterialUpdate":false,"showSkybox":false,"showFlares":true,"showImageEffects":true,"showParticleSystems":true},"in2DMode":false,"pivot":{"x":0.28237414360046389,"y":0.7840616703033447,"z":7.941980838775635},"rotation":{"x":-0.07143601775169373,"y":-0.07288680970668793,"z":-0.005732158198952675,"w":0.9952325224876404},"size":1.5193803310394288,"orthographic":false}