{"cameraMode":{"drawMode":0,"name":"Shaded","section":"Shading Mode"},"sceneLighting":false,"audioPlay":false,"sceneViewState":{"showFog":true,"showMaterialUpdate":false,"showSkybox":false,"showFlares":true,"showImageEffects":true,"showParticleSystems":true},"in2DMode":false,"pivot":{"x":35.02752685546875,"y":1.1122453212738038,"z":-1.3166002035140992},"rotation":{"x":0.0035161529667675497,"y":0.996217668056488,"z":-0.07185190916061402,"w":0.048752311617136},"size":1.965222716331482,"orthographic":false}