{"cameraMode":{"drawMode":0,"name":"Shaded","section":"Shading Mode"},"sceneLighting":true,"audioPlay":false,"sceneViewState":{"showFog":true,"showMaterialUpdate":false,"showSkybox":false,"showFlares":true,"showImageEffects":true,"showParticleSystems":true},"in2DMode":false,"pivot":{"x":14.21458625793457,"y":2.393479824066162,"z":4.818015098571777},"rotation":{"x":-0.11602279543876648,"y":-0.04715430736541748,"z":0.0032440798822790386,"w":-0.9922553300857544},"size":1.6200189590454102,"orthographic":false}