{"cameraMode":{"drawMode":0,"name":"Shaded","section":"Shading Mode"},"sceneLighting":false,"audioPlay":false,"sceneViewState":{"showFog":true,"showMaterialUpdate":false,"showSkybox":false,"showFlares":true,"showImageEffects":true,"showParticleSystems":true},"in2DMode":false,"pivot":{"x":6.264280319213867,"y":-2.817021608352661,"z":-21.861909866333009},"rotation":{"x":0.06520283222198487,"y":0.7084704041481018,"z":-0.06787484884262085,"w":0.7000778317451477},"size":1.2980862855911255,"orthographic":false}