{"cameraMode":{"drawMode":0,"name":"Shaded","section":"Shading Mode"},"sceneLighting":false,"audioPlay":false,"sceneViewState":{"showFog":true,"showMaterialUpdate":false,"showSkybox":true,"showFlares":true,"showImageEffects":true,"showParticleSystems":true},"in2DMode":false,"pivot":{"x":20.291248321533204,"y":2.8418917655944826,"z":-8.479706764221192},"rotation":{"x":0.017225777730345727,"y":-0.895584225654602,"z":-0.03463556244969368,"w":-0.44325244426727297},"size":-2.2628238201141359,"orthographic":false}