{"cameraMode":{"drawMode":0,"name":"Shaded","section":"Shading Mode"},"sceneLighting":true,"audioPlay":false,"sceneViewState":{"showFog":true,"showMaterialUpdate":false,"showSkybox":false,"showFlares":true,"showImageEffects":true,"showParticleSystems":true},"in2DMode":false,"pivot":{"x":3.343672037124634,"y":-1.3394372463226319,"z":-23.680627822875978},"rotation":{"x":-0.05423204228281975,"y":0.7865327596664429,"z":-0.06979037076234818,"w":-0.61119145154953},"size":0.829485297203064,"orthographic":false}