{"cameraMode":{"drawMode":0,"name":"Shaded","section":"Shading Mode"},"sceneLighting":false,"audioPlay":false,"sceneViewState":{"showFog":true,"showMaterialUpdate":false,"showSkybox":false,"showFlares":true,"showImageEffects":true,"showParticleSystems":true},"in2DMode":false,"pivot":{"x":35.43165588378906,"y":2.6129682064056398,"z":-30.545860290527345},"rotation":{"x":-0.08735989034175873,"y":0.15121610462665559,"z":0.013420170173048973,"w":0.9845444560050964},"size":1.1359786987304688,"orthographic":false}