{"cameraMode":{"drawMode":0,"name":"Shaded","section":"Shading Mode"},"sceneLighting":false,"audioPlay":false,"sceneViewState":{"showFog":true,"showMaterialUpdate":false,"showSkybox":false,"showFlares":true,"showImageEffects":true,"showParticleSystems":true},"in2DMode":false,"pivot":{"x":-0.030619366094470025,"y":2.5075483322143556,"z":0.8720851540565491},"rotation":{"x":0.09640839695930481,"y":0.001672449754551053,"z":-0.0009291458991356194,"w":0.9953435063362122},"size":3.3690502643585207,"orthographic":false}