{"cameraMode":{"drawMode":0,"name":"Shaded","section":"Shading Mode"},"sceneLighting":false,"audioPlay":false,"sceneViewState":{"showFog":true,"showMaterialUpdate":false,"showSkybox":false,"showFlares":true,"showImageEffects":true,"showParticleSystems":true},"in2DMode":false,"pivot":{"x":0.1669158935546875,"y":2.645174503326416,"z":0.791015625},"rotation":{"x":0.062191832810640338,"y":-0.6941413879394531,"z":0.059336066246032718,"w":0.7146929502487183},"size":0.6690505743026733,"orthographic":false}