{"cameraMode":{"drawMode":0,"name":"Shaded","section":"Shading Mode"},"sceneLighting":false,"audioPlay":false,"sceneViewState":{"showFog":true,"showMaterialUpdate":false,"showSkybox":true,"showFlares":true,"showImageEffects":true,"showParticleSystems":true},"in2DMode":false,"pivot":{"x":56.697601318359378,"y":-12.596620559692383,"z":-61.77286911010742},"rotation":{"x":0.027890777215361596,"y":0.9503602385520935,"z":-0.2968095541000366,"w":0.08953305333852768},"size":23.035310745239259,"orthographic":false}