{"cameraMode":{"drawMode":0,"name":"Shaded","section":"Shading Mode"},"sceneLighting":false,"audioPlay":false,"sceneViewState":{"showFog":true,"showMaterialUpdate":false,"showSkybox":true,"showFlares":true,"showImageEffects":true,"showParticleSystems":true},"in2DMode":false,"pivot":{"x":3.5075950622558595,"y":8.697381019592286,"z":-2.3116707801818849},"rotation":{"x":0.03373285010457039,"y":0.6236101388931274,"z":0.026950741186738015,"w":-0.7805424332618713},"size":13.470934867858887,"orthographic":false}