{"cameraMode":{"drawMode":0,"name":"Shaded","section":"Shading Mode"},"sceneLighting":false,"audioPlay":false,"sceneViewState":{"showFog":true,"showMaterialUpdate":false,"showSkybox":false,"showFlares":true,"showImageEffects":true,"showParticleSystems":true},"in2DMode":false,"pivot":{"x":12.875499725341797,"y":5.827610015869141,"z":12.079554557800293},"rotation":{"x":0.060342516750097278,"y":0.482567697763443,"z":-0.033350102603435519,"w":0.8731417059898377},"size":0.5960499048233032,"orthographic":false}