{"cameraMode":{"drawMode":0,"name":"Shaded","section":"Shading Mode"},"sceneLighting":false,"audioPlay":false,"sceneViewState":{"showFog":true,"showMaterialUpdate":false,"showSkybox":false,"showFlares":true,"showImageEffects":true,"showParticleSystems":true},"in2DMode":false,"pivot":{"x":-0.5381777882575989,"y":-5.960464477539063e-8,"z":0.0},"rotation":{"x":-0.0014780424535274506,"y":-0.9899934530258179,"z":0.142037034034729,"w":-0.005857032723724842},"size":0.4241487681865692,"orthographic":false}