{"cameraMode":{"drawMode":0,"name":"Shaded","section":"Shading Mode"},"sceneLighting":true,"audioPlay":false,"sceneViewState":{"showFog":true,"showMaterialUpdate":false,"showSkybox":false,"showFlares":true,"showImageEffects":true,"showParticleSystems":true},"in2DMode":false,"pivot":{"x":11.476783752441407,"y":5.840681552886963,"z":10.386968612670899},"rotation":{"x":-0.06248742341995239,"y":-0.5646072626113892,"z":0.039620257914066318,"w":-0.8222861886024475},"size":0.2985690236091614,"orthographic":false}