{"cameraMode":{"drawMode":0,"name":"Shaded","section":"Shading Mode"},"sceneLighting":false,"audioPlay":false,"sceneViewState":{"showFog":true,"showMaterialUpdate":false,"showSkybox":false,"showFlares":true,"showImageEffects":true,"showParticleSystems":true},"in2DMode":false,"pivot":{"x":19.164039611816408,"y":-3.9685935974121095,"z":-37.282413482666019},"rotation":{"x":0.03740324079990387,"y":0.6733378171920776,"z":-0.030249174684286119,"w":0.7386423945426941},"size":2.639272451400757,"orthographic":false}