{"cameraMode":{"drawMode":0,"name":"Shaded","section":"Shading Mode"},"sceneLighting":false,"audioPlay":false,"sceneViewState":{"showFog":true,"showMaterialUpdate":false,"showSkybox":true,"showFlares":true,"showImageEffects":true,"showParticleSystems":true},"in2DMode":false,"pivot":{"x":52.4049186706543,"y":11.564184188842774,"z":-33.66313552856445},"rotation":{"x":-0.04636864364147186,"y":0.3456386625766754,"z":-0.01730085350573063,"w":-0.9371610283851624},"size":2.270822048187256,"orthographic":false}