{"cameraMode":{"drawMode":0,"name":"Shaded","section":"Shading Mode"},"sceneLighting":false,"audioPlay":false,"sceneViewState":{"showFog":true,"showMaterialUpdate":false,"showSkybox":true,"showFlares":true,"showImageEffects":true,"showParticleSystems":true},"in2DMode":false,"pivot":{"x":25.6189022064209,"y":1.7367267608642579,"z":-59.86031723022461},"rotation":{"x":-0.04314364865422249,"y":0.9476714730262756,"z":-0.14556995034217835,"w":-0.28107282519340517},"size":10.10903263092041,"orthographic":false}