{"cameraMode":{"drawMode":0,"name":"Shaded","section":"Shading Mode"},"sceneLighting":false,"audioPlay":false,"sceneViewState":{"showFog":true,"showMaterialUpdate":false,"showSkybox":true,"showFlares":true,"showImageEffects":true,"showParticleSystems":true},"in2DMode":false,"pivot":{"x":26.827821731567384,"y":5.534217834472656,"z":3.147648334503174},"rotation":{"x":0.0035161529667675497,"y":0.996217668056488,"z":-0.07185190916061402,"w":0.048752311617136},"size":1.0136957168579102,"orthographic":false}