{"cameraMode":{"drawMode":0,"name":"Shaded","section":"Shading Mode"},"sceneLighting":false,"audioPlay":false,"sceneViewState":{"showFog":true,"showMaterialUpdate":false,"showSkybox":true,"showFlares":true,"showImageEffects":true,"showParticleSystems":true},"in2DMode":false,"pivot":{"x":591.1591186523438,"y":-33.408897399902347,"z":161.85433959960938},"rotation":{"x":-0.029279256239533426,"y":-0.5658810138702393,"z":0.019901396706700326,"w":-0.8239381313323975},"size":298.9684143066406,"orthographic":false}