{"cameraMode":{"drawMode":0,"name":"Shaded","section":"Shading Mode"},"sceneLighting":true,"audioPlay":false,"sceneViewState":{"showFog":true,"showMaterialUpdate":false,"showSkybox":false,"showFlares":true,"showImageEffects":true,"showParticleSystems":true},"in2DMode":false,"pivot":{"x":2.2795627117156984,"y":-2.697401762008667,"z":-23.017667770385743},"rotation":{"x":-0.13617214560508729,"y":0.7750824689865112,"z":-0.17724637687206269,"w":-0.5918189883232117},"size":2.4214394092559816,"orthographic":false}