{"cameraMode":{"drawMode":0,"name":"Shaded","section":"Shading Mode"},"sceneLighting":false,"audioPlay":false,"sceneViewState":{"showFog":true,"showMaterialUpdate":false,"showSkybox":false,"showFlares":true,"showImageEffects":true,"showParticleSystems":true},"in2DMode":false,"pivot":{"x":37.22035598754883,"y":1.8877506256103516,"z":-2.4631404876708986},"rotation":{"x":-0.01738818548619747,"y":0.9215996861457825,"z":0.03141515702009201,"w":0.38781365752220156},"size":2.398618221282959,"orthographic":false}