{"cameraMode":{"drawMode":0,"name":"Shaded","section":"Shading Mode"},"sceneLighting":false,"audioPlay":false,"sceneViewState":{"showFog":true,"showMaterialUpdate":false,"showSkybox":false,"showFlares":true,"showImageEffects":true,"showParticleSystems":true},"in2DMode":false,"pivot":{"x":14.67105484008789,"y":0.9084383249282837,"z":12.488147735595704},"rotation":{"x":0.2504670023918152,"y":0.5459301471710205,"z":-0.17233680188655854,"w":0.7807698845863342},"size":1.5680835247039796,"orthographic":false}