{"cameraMode":{"drawMode":0,"name":"Shaded","section":"Shading Mode"},"sceneLighting":false,"audioPlay":false,"sceneViewState":{"showFog":true,"showMaterialUpdate":false,"showSkybox":true,"showFlares":true,"showImageEffects":true,"showParticleSystems":true},"in2DMode":false,"pivot":{"x":44.21781921386719,"y":7.808562278747559,"z":-37.06772994995117},"rotation":{"x":0.1779925525188446,"y":-0.4869115352630615,"z":0.10282852500677109,"w":0.8490935564041138},"size":6.941793918609619,"orthographic":false}