{"cameraMode":{"drawMode":0,"name":"Shaded","section":"Shading Mode"},"sceneLighting":false,"audioPlay":false,"sceneViewState":{"showFog":true,"showMaterialUpdate":false,"showSkybox":false,"showFlares":true,"showImageEffects":true,"showParticleSystems":true},"in2DMode":false,"pivot":{"x":0.29870498180389407,"y":0.025188326835632325,"z":0.02947170101106167},"rotation":{"x":0.00642397440969944,"y":0.9953911304473877,"z":-0.042390741407871249,"w":0.08646317571401596},"size":0.47048020362854006,"orthographic":false}