{"cameraMode":{"drawMode":0,"name":"Shaded","section":"Shading Mode"},"sceneLighting":true,"audioPlay":false,"sceneViewState":{"showFog":true,"showMaterialUpdate":false,"showSkybox":true,"showFlares":true,"showImageEffects":true,"showParticleSystems":true},"in2DMode":false,"pivot":{"x":23.190589904785158,"y":4.992388725280762,"z":13.684422492980957},"rotation":{"x":0.01787499710917473,"y":-0.44488033652305605,"z":0.011656341142952443,"w":0.8954946398735046},"size":5.5121917724609379,"orthographic":false}