{"cameraMode":{"drawMode":0,"name":"Shaded","section":"Shading Mode"},"sceneLighting":false,"audioPlay":false,"sceneViewState":{"showFog":true,"showMaterialUpdate":false,"showSkybox":false,"showFlares":true,"showImageEffects":true,"showParticleSystems":true},"in2DMode":false,"pivot":{"x":-10.946296691894532,"y":1.374706506729126,"z":-6.724645137786865},"rotation":{"x":-0.1634770631790161,"y":0.6623603701591492,"z":0.15138503909111024,"w":0.715295672416687},"size":-0.5329359769821167,"orthographic":false}