{"cameraMode":{"drawMode":0,"name":"Shaded","section":"Shading Mode"},"sceneLighting":false,"audioPlay":false,"sceneViewState":{"showFog":true,"showMaterialUpdate":false,"showSkybox":true,"showFlares":true,"showImageEffects":true,"showParticleSystems":true},"in2DMode":false,"pivot":{"x":55.78775405883789,"y":6.697422981262207,"z":-25.574203491210939},"rotation":{"x":0.047397125512361529,"y":0.029468528926372529,"z":-0.0006056012935005128,"w":0.9986588954925537},"size":3.065268039703369,"orthographic":false}