{"cameraMode":{"drawMode":0,"name":"Shaded","section":"Shading Mode"},"sceneLighting":false,"audioPlay":false,"sceneViewState":{"showFog":true,"showMaterialUpdate":false,"showSkybox":false,"showFlares":true,"showImageEffects":true,"showParticleSystems":true},"in2DMode":false,"pivot":{"x":2.2351741790771486e-8,"y":2.5388855934143068,"z":1.779097557067871},"rotation":{"x":0.09311168640851975,"y":0.502275824546814,"z":-0.0554053857922554,"w":0.8578943610191345},"size":0.5255053043365479,"orthographic":false}