{"cameraMode":{"drawMode":0,"name":"Shaded","section":"Shading Mode"},"sceneLighting":false,"audioPlay":false,"sceneViewState":{"showFog":true,"showMaterialUpdate":false,"showSkybox":true,"showFlares":true,"showImageEffects":true,"showParticleSystems":true},"in2DMode":false,"pivot":{"x":27.4113826751709,"y":5.660965919494629,"z":5.6831464767456059},"rotation":{"x":0.02960183657705784,"y":0.10360119491815567,"z":-0.0025313072837889196,"w":0.9943684339523315},"size":7.251646041870117,"orthographic":false}