{"cameraMode":{"drawMode":0,"name":"Shaded","section":"Shading Mode"},"sceneLighting":false,"audioPlay":false,"sceneViewState":{"showFog":true,"showMaterialUpdate":false,"showSkybox":true,"showFlares":true,"showImageEffects":true,"showParticleSystems":true},"in2DMode":false,"pivot":{"x":38.739013671875,"y":8.232860565185547,"z":-33.856327056884769},"rotation":{"x":0.025008879601955415,"y":0.35181206464767458,"z":-0.009461360052227974,"w":0.9356926679611206},"size":0.47477543354034426,"orthographic":false}