{"cameraMode":{"drawMode":0,"name":"Shaded","section":"Shading Mode"},"sceneLighting":true,"audioPlay":false,"sceneViewState":{"showFog":true,"showMaterialUpdate":false,"showSkybox":false,"showFlares":true,"showImageEffects":true,"showParticleSystems":true},"in2DMode":false,"pivot":{"x":27.830734252929689,"y":0.5035333633422852,"z":-11.119876861572266},"rotation":{"x":-0.027536964043974878,"y":-0.29339373111724856,"z":0.00845402479171753,"w":-0.9555603861808777},"size":24.24871253967285,"orthographic":false}