{"cameraMode":{"drawMode":0,"name":"Shaded","section":"Shading Mode"},"sceneLighting":false,"audioPlay":false,"sceneViewState":{"showFog":true,"showMaterialUpdate":false,"showSkybox":true,"showFlares":true,"showImageEffects":true,"showParticleSystems":true},"in2DMode":false,"pivot":{"x":4.5815348625183109,"y":6.087043285369873,"z":8.171299934387207},"rotation":{"x":0.05204876884818077,"y":0.7443554401397705,"z":-0.05840215086936951,"w":0.6631956100463867},"size":1.0983805656433106,"orthographic":false}